first_name,last_name,group_leader,unit_num,street_number,street_name,street_type,street_direction,postal_code,city,province,donor_first_name,donor_last_name,donation_date,donation_amount,payment_method
Vaishali,Verma,Shelly,216,12,Flaremore,Cres,EAST, M2K 1V1,Toronto,Ontario,Sally,Field,Jul 10 2019,125,CASH
Vaishali,Verma,Shelly,510,76,Citation,Dr,WEST, M2K 1S8,Toronto,Ontario,Sergio,Aguerro,Jul 10 2019,143,CHEQUE
Vaishali,Verma,Shelly,620,11,Bunty,Lane,EAST, M2K 1W4,Toronto,Ontario,Jane,Smith,Jul 24 2019,126,CHEQUE
Vaishali,Verma,Shelly,320,40,Bunty,Lane,WEST, M2K 1W6,Toronto,Ontario,Michael,Brown,Feb 03 2019,144,CHEQUE
Vaishali,Verma,Shelly,323,4,Page,Ave,EAST, M2K 2B2,Toronto,Ontario,Sophia,Brown,Oct 26 2019,127,CHEQUE
Vaishali,Verma,Shelly,102,61,Hawksbury,Dr,WEST, M2K 1M6,Toronto,Ontario,Jackson,Doe,Aug 28 2019,200,CASH
Vaishali,Verma,Shelly,1116,48,Forest,Grove,NORTH, M2K 1Z3,Toronto,Ontario,John,Doe,Jan 16 2019,218,CASH
Vaishali,Verma,Shelly,826,56,Burbank,Dr,WEST, M2K 1N2,Toronto,Ontario,Emily,Davis,Aug 12 2019,236,CASH
Vaishali,Verma,Shelly,827,52,Burbank,Dr,NORTH, M2K 1N2,Toronto,Ontario,Emma,Charles,Mar 21 2019,254,CHEQUE
Vaishali,Verma,Shelly,653,18,Viamede,Cres,WEST, M2K 2A8,Toronto,Ontario,Isabella,Matto,Aug 19 2019,272,CHEQUE
Vaishali,Verma,Shelly,1506,40,Page,Ave,EAST, M2K 2B4,Toronto,Ontario,Ava,Jhones,Jun 10 2019,290,CASH
Vaishali,Verma,Shelly,1809,15,Citation,Dr,WEST, M2K 1S5,Toronto,Ontario,Aiden,Methew,May 23 2019,308,CASH
Vaishali,Verma,Shelly,1907,27,Whittaker,Cres,NORTH, M2K 1K7,Toronto,Ontario,Robert,Johnson,May 03 2019,200,CASH
Vaishali,Verma,Shelly,2203,5,Whitelock,Cres,NORTH, M2K 1V9,Toronto,Ontario,Caden,Marcel,Jul 29 2019,200,CASH
Vaishali,Verma,Shelly,153,50,George,Butchart,WEST, M2K 0C9,Toronto,Ontario,Emily,Jhonson,Aug 17 2019,132,CHEQUE
Vaishali,Verma,Shelly,2701,12,King,Maple,WEST, M2K 1X6,Toronto,Ontario,Ethan,Brown,Jul 30 2019,150,CASH
Sagar,Limbachia,Mark,321,327,Kenilworth,Ave,NORTH,M4L 3S9,Toronto,Ontario,Noah,Brown,Jul 10 2019,125,CASH
Sagar,Limbachia,Mark,324,507,Kingston,Rd,WEST,M4L 1V5,Toronto,Ontario,Mia,Brown,Jul 10 2019,143,CASH
Sagar,Limbachia,Mark,103,507,Kingston,Rd,EAST,M4L 1V5,Toronto,Ontario,Abigail,Charles,Jul 24 2019,126,CASH
Sagar,Limbachia,Mark,1117,111,Brookside,Dr,WEST,M4E 2M3,Toronto,Ontario,Emily,Matto,Feb 03 2019,144,CHEQUE
Sagar,Limbachia,Mark,827,60,Haslett,Ave,NORTH,M4L 3R2,Toronto,Ontario,Ella,Jhones,Oct 26 2019,127,CHEQUE
Sagar,Limbachia,Mark,828,238,Lee,Ave,NORTH,M4E 2P5,Toronto,Ontario,Scarlett,Methew,Aug 28 2019,200,CASH
Sagar,Limbachia,Mark,654,239,Lee,Ave,WEST,M4E 2P4,Toronto,Ontario,Grace,Johnson,Jan 16 2019,218,CASH
Sagar,Limbachia,Mark,1507,55,Elmer,Ave,EAST,M4L 3R6,Toronto,Ontario,Lucas,Davis,Aug 12 2019,236,CASH
Sagar,Limbachia,Mark,217,630,Kington,Rd,WEST,M4E 0B7,Toronto,Ontario,Jackson,Charles,Mar 21 2019,254,CHEQUE
Sagar,Limbachia,Mark,511,601,Kingston,Rd,WEST,M4E 3Y2,Toronto,Ontario,Aiden,Matto,Aug 19 2019,272,CHEQUE
Sagar,Limbachia,Mark,621,161,Waverley,Rd,EAST,M4L 3T4,Toronto,Ontario,Lily,Jhones,Jun 10 2019,290,CASH
Sagar,Limbachia,Mark,321,362,Woodbine,Ave,NORTH,M4L 3P6,Toronto,Ontario,Chloe,Methew,May 23 2019,308,CASH
Sagar,Limbachia,Mark,324,2100,Gerrard,St,NORTH,M4E 2B8,Toronto,Ontario,Sebastian,Doe,May 03 2019,200,CASH
Sagar,Limbachia,Mark,103,2121,Gerrad,St,WEST,M4E 2B8,Toronto,Ontario,Sophia,Davis,Jul 29 2019,200,CASH
Sagar,Limbachia,Mark,1117,98,Dixon,Ave,WEST,M4L 1N7,Toronto,Ontario,Carter,Charles,Aug 17 2019,132,CHEQUE
Sagar,Limbachia,Mark,827,2172,Gerrard,St,NORTH,M4E 2C5,Toronto,Ontario,Penelope,Brown,Jul 30 2019,150,CASH
Jeance,Tuscano,John,106,3170,Grimsby,Road,EAST,L0R1M0,Grimsby,ON,Sophia,Anderson,Jul 10 2019,20,Check
Jeance,Tuscano,John,1120,558,Main,Street,WEST,L3M1T8,Grimsby,ON,Jackson,Martinez,Jul 10 2019,10,Cach
Jeance,Tuscano,John,830,181,Central,Avenus,NORTH,L3M5T4,Grimsby,ON,Aiden,Thomas,Jul 07 2019,32,Check
Jeance,Tuscano,John,109,12,Governor's,Road,WEST,L3M2Y4,Grimsby,ON,Lucas,Harris,Apr 06 2019,8,Check
Jeance,Tuscano,John,1123,30,Nelles,Boulevard,NORTH,L3M3R1,Grimsby,ON,Mia ,Jackson,Aug 22 2019,42,Check
Jeance,Tuscano,John,91,565,kemp,road,WEST,L3M4E7,Grimsby,ON,Amelia,White,Feb 02 2019,39,Credit Card
Jeance,Tuscano,John,109,28,Robinson,Street,EAST,L3M3C9,Grimsby,ON,Harper,Martin,Mar 14 2019,24,Cash
Jeance,Tuscano,John,1123,5,Cedar,Street,WEST,L3M4K1,Grimsby,ON,Elijah,Thompson,Dec 27 2019,22,Credit Card
Jeance,Tuscano,John,833,579,Main,Street,WEST,L3M1V1,Grimsby,ON,Abigail,Garcia,Jul 29 2019,8,Credit Card
Jeance,Tuscano,John,112,251,Main,Street,EAST,L3M1P5,Grimsby,ON,Alexander ,Miller,Jul 19 2019,25,Cash
Jeance,Tuscano,John,1126,26,Red Haven,Drive,NORTH,L3M5J7,Grimsby,ON,Samuel,Robinson,Jun 09 2019,44,Check
Jeance,Tuscano,John,94,3185,Grimby ,Road,NORTH,L0R1M0,Grimsby,ON,Benjamin ,Walker,May 15 2019,22,Credit Card
Jeance,Tuscano,John,112,265,Hysert,Road,WEST,L3M4E7,Grimsby,ON,Chloe,Hill,Oct 09 2019,29,Cash
Jeance,Tuscano,John,1126,677,Winstom,Road,NORTH,L3M4E8,Grimsby,ON,Charlotte ,Turner,Mar 31 2019,22,Credit Card
Jeance,Tuscano,John,836,15,Hillview,Drive,WEST,L3M4E6,Grimsby,ON,Daniel,Moore,Aug 27 2019,22,Credit Card
Jeance,Tuscano,John,115,1,Slessor,BLVD,WEST,L3M3T2,Grimsby,ON,Oliver,Wright,Apr 05 2019,14,Cash
Jeance,Tuscano,John,1129,166,Park,Road,EAST,L3M4E7,Grimsby,ON,Lucas,Young,May 18 2019,25,Cash
Rishav,Mishra,Anil,120,44,Quail Feather,BLVD,West,L6R1S7,Brampton,ON,Antonio,Medina,Jul 10 2019,20,Check
Rishav,Mishra,Anil,1134,23,Blue Diamond,BLVD,East,L6S6J2,Brampton,ON,Trevor ,Byrd,Jul 10 2019,10,Cach
Rishav,Mishra,Anil,23,69,Giraffe,Lane,East,L6R1Z1,Brampton,ON,Micheal A ,Santiago,Oct 13 2019,35,Credit Card
Rishav,Mishra,Anil,79,97,Eagleridge,drive ,West,L6R1E4,Brampton,ON,Nayankumar ,Patel,Oct 21 2019,22,Cash
Rishav,Mishra,Anil,56,75,Trailside,Walk,East,L6S6H6,Brampton,ON,John W,Harvey,Jan 02 2019,21,Cash
Rishav,Mishra,Anil,125,42,Fountainview,way,West,L6S6K6,Brampton,ON,Eugene,Samuel,Jul 17 2019,41,Cash
Rishav,Mishra,Anil,1139,76,sal,Rd,West,L6R1H6,Brampton,ON,Marijan,cemas,Aug 15 2019,17,Credit Card
Rishav,Mishra,Anil,28,144,Bighorn,Crescent,East,L6R 1G1,Brampton,ON,Mansoora ,Faroqi,Apr 09 2019,24,Credit Card
Rishav,Mishra,Anil,84,3,Red River ,drive,West,L6R 2H8,Brampton,ON,Minh ,Ton,Apr 18 2019,37,Cash
Rishav,Mishra,Anil,61,108,Bighorn ,Crescent,West, L6R 1G2,Brampton,ON,Munja ,Wadhawan,Sep 10 2019,32,Cash
Rishav,Mishra,Anil,130,53,wild Indigo,Crescent,West,L6R 2K3 ,Brampton,ON,Lauren,Beckford,Mar 07 2019,17,Credit Card
Rishav,Mishra,Anil,1144,8,Arda ,Crescent,West, L6P 4G2 ,Brampton,ON,Kalarangini ,Muttaiya,Jul 30 2019,16,Cash
Rishav,Mishra,Anil,33,13,Silktop,Trail,East, L6R2K4,Brampton,ON,Amandeep,Mangat,Dec 02 2019,8,Check
Rishav,Mishra,Anil,89,42,Rocky Mountain ,Crescent,East, L6R1E7,Brampton,ON,Ruth ,Michaels,Jan 05 2019,26,Cash
Rishav,Mishra,Anil,66,50,Thunderbird,Trail,East,L6R2T4,Brampton,ON,Jamshaid,Ijaz,Jun 10 2019,15,Check
Rishav,Mishra,Anil,135,98, Barleyfield ,Rd,South, L6R2J4,Brampton,ON,D Mccalla,Kerr,Apr 10 2019,9,Check
Rishav,Mishra,Anil,1149,121, Barleyfield ,Rd,South, L6R2J5,Brampton,ON,David ,Lartey,Jun 15 2019,46,Cash
Hetarth,Barot,Matthew,24,195,Mccraney,St.,WEST,L5J 1K7,OAKVILLE,ON,Jayson,Smith,Feb 03 2019,40,Check
Hetarth,Barot,Matthew,70,123,FakeStreet,Blvd.,WEST,L5J 1K8,OAKVILLE,ON,Fake,Guy,Oct 26 2019,1,Cash
Hetarth,Barot,Matthew,98,150,Mccraney,St.,EAST,L5J 1K9,OAKVILLE,ON,Alex,Alex,Aug 28 2019,5,Cash
Hetarth,Barot,Matthew,76,999,Eglinton,lane.,NORTH,L5J 1K10,OAKVILLE,ON,Desmond,Smith,Jan 16 2019,45,Check
Hetarth,Barot,Matthew,43,2288,Chancery,Lane.,NORTH,L5J 1K11,OAKVILLE,ON,Rob,Todd,Aug 12 2019,10,Cash
Hetarth,Barot,Matthew,77,1208,Lakeshore,Rd.,WEST,L5J 1K12,OAKVILLE,ON,Gurdeep,Gill,Mar 21 2019,22,Cash
Hetarth,Barot,Matthew,145,654,Lakeway,Blvd.,West,L5J 1K13,OAKVILLE,ON,Micheal,Reddy,Aug 19 2019,2,Cash
Hetarth,Barot,Matthew,4,333,Dundas,St.,West,L5J 1K14,OAKVILLE,ON,Russel,Blate,Mar 07 2019,100,Check
Hetarth,Barot,Matthew,109,5,Dundas,St.,West,L5J 1K15,OAKVILLE,ON,David,Lee,Jul 30 2019,25,Cash
Hetarth,Barot,Matthew,54,11,Mccraney,St.,EAST,L5J 1K16,OAKVILLE,ON,Alex,Parker,Dec 02 2019,100,Check
Hetarth,Barot,Matthew,9,21,Ennisclare,Dr.,NORTH,L5J 1K17,OAKVILLE,ON,Ty,Smith,Jan 05 2019,25,Cash
Hetarth,Barot,Matthew,14,2260,Chancery,Lane.,NORTH,L5J 1K18,OAKVILLE,ON,Will,Andrews,Jun 10 2019,40,Cash
Hetarth,Barot,Matthew,43,2280,Chancery,Lane.,WEST,L5J 1K19,OAKVILLE,ON,Jack,Ollan,Apr 10 2019,60,Cash
Hetarth,Barot,Matthew,51,114,Burnhamthorpe,Rd.,WEST,L5J 1K20,OAKVILLE,ON,Jack,Tompson,Oct 13 2019,10,Cash
Hetarth,Barot,Matthew,99,112,Burnhamthorpe,Rd.,EAST,L5J 1K21,OAKVILLE,ON,Oliver,Lefebre,Oct 21 2019,5,Check
Hetarth,Barot,Matthew,122,3329,Settlers,Rd.,NORTH,L5J 1K22,OAKVILLE,ON,Brain,Cooks,Jan 02 2019,10,Cash
Hetarth,Barot,Matthew,102,4789,Dundas,St.,NORTH,L5J 1K23,OAKVILLE,ON,Jeremy,Nicholson,Jul 17 2019,20,Check
Aaryan,Sachdeva,Nyassa,15,1816,Stevington ,Drive,EAST,L5N7S3,Mississauga,ON,Micheal,Strong,Jul 10 2019,20,Check
Aaryan,Sachdeva,Nyassa,20,1823,Stevington ,Drive,WEST,L5N7S4,Mississauga,ON,M,Ahmed,Jul 10 2019,10,Cach
Aaryan,Sachdeva,Nyassa,49,7097,Hallsands,court,NORTH,L5N7L1,Mississauga,ON,Burt ,Townsend,Jul 11 2019,50,Cash
Aaryan,Sachdeva,Nyassa,57,1285,Britannia,Road,NORTH,L4W1C7,Mississauga,ON,Balwinder,Kambo,Nov 18 2019,28,Cash
Aaryan,Sachdeva,Nyassa,105,6110,Ordan,Drive,WEST,L5T2B4,Mississauga,ON,Calogero,Bonadonna,Apr 20 2019,50,Cash
Aaryan,Sachdeva,Nyassa,128,1759,Britannia,Road,EAST,L4W4E1,Mississauga,ON,Peter ,Ma,Apr 01 2019,33,Credit Card
Aaryan,Sachdeva,Nyassa,108,1055,Canadian,Place,WEST,L4W0C2,Mississauga,ON,Asim,Cheema,Mar 22 2019,23,Check
Aaryan,Sachdeva,Nyassa,21,1200,Aerowood,Drive,WEST,L4W2S7,Mississauga,ON,Greg,Swanson,Oct 23 2019,20,Cash
Aaryan,Sachdeva,Nyassa,26,5145,Tomken,Road,EAST,L4W1P1,Mississauga,ON,Richard E,Davis,Apr 12 2019,35,Cash
Aaryan,Sachdeva,Nyassa,201,1086,Eglinton,Ave,EAST,L4W1K3,Mississauga,ON,Christina,Bub,Sep 25 2019,44,Check
Aaryan,Sachdeva,Nyassa,21,1060,Eglinton,Ave,WEST,L4W1K4,Mississauga,ON,Jeffie ,Macleod,Mar 02 2019,49,Check
Aaryan,Sachdeva,Nyassa,26,5390,Anvil,Lane,EAST,L5R3Y8,Mississauga,ON,Cheng L,Ling,Oct 03 2019,43,Cash
Aaryan,Sachdeva,Nyassa,55,788,Savoy,Crescent,WEST,L5R3C2,Mississauga,ON,Stanislav,Hermal,Oct 07 2019,22,Cash
Aaryan,Sachdeva,Nyassa,63,5260,Marblewood,Drive,NORTH,L5V2P1,Mississauga,ON,S Richards,Devarajan,Sep 13 2019,8,Cash
Aaryan,Sachdeva,Nyassa,111,5236,Heatherleigh,Avenue,WEST,L5V1Z6,Mississauga,ON,Maher,Morcos,Aug 23 2019,13,Credit Card
Aaryan,Sachdeva,Nyassa,134,5376,Faith,drive,NORTH,L5R3Y6,Mississauga,ON,Ricky,Wong,Oct 24 2019,6,Check
Aaryan,Sachdeva,Nyassa,114,810,scolland,court,WEST,L5V0A4,Mississauga,ON,Mary,Donelle,Jan 23 2019,7,Check
